"Symbol","Series","Date","Prev Close","Open Price","High Price","Low Price","Last Price","Close Price","Average Price","Total Traded Quantity","Turnover in Lacs","No. of Trades"
"TATASTEEL","EQ","12-Oct-2015","        251.10","        255.10","        261.95","        249.80","        250.10","        250.85","        255.68","   10570075","      27025.29","     102624"
"TATASTEEL","EQ","13-Oct-2015","        250.85","        248.00","        248.65","        243.25","        244.85","        245.00","        245.30","    5821295","      14279.59","      56734"
"TATASTEEL","EQ","14-Oct-2015","        245.00","        244.00","        253.00","        243.55","        247.90","        248.35","        250.12","    6290182","      15733.04","      58940"
"TATASTEEL","EQ","15-Oct-2015","        248.35","        249.15","        257.20","        248.05","        255.65","        255.25","        252.61","    7008049","      17703.28","      63915"
"TATASTEEL","EQ","16-Oct-2015","        255.25","        255.90","        256.70","        248.40","        253.00","        252.90","        252.14","    5326586","      13430.23","      46244"
"TATASTEEL","EQ","19-Oct-2015","        252.90","        253.10","        254.10","        246.75","        247.85","        248.40","        249.18","    4478358","      11159.09","      45634"
"TATASTEEL","EQ","20-Oct-2015","        248.40","        247.05","        248.90","        240.00","        240.45","        240.80","        244.59","    5248509","      12837.16","      52723"
"TATASTEEL","EQ","21-Oct-2015","        240.80","        241.70","        246.45","        238.25","        245.00","        244.40","        243.64","    8042203","      19593.64","      72881"
"TATASTEEL","EQ","23-Oct-2015","        244.40","        247.40","        251.60","        244.15","        246.65","        246.00","        248.13","    5005801","      12420.69","      54769"
"TATASTEEL","EQ","26-Oct-2015","        246.00","        247.35","        251.55","        246.25","        250.05","        249.65","        249.14","    4188032","      10434.05","      52001"
"TATASTEEL","EQ","27-Oct-2015","        249.65","        248.85","        250.30","        244.05","        245.65","        245.95","        245.90","    3403655","       8369.56","      39961"
"TATASTEEL","EQ","28-Oct-2015","        245.95","        244.50","        248.50","        244.00","        246.95","        247.15","        246.95","    3436974","       8487.64","      40712"
"TATASTEEL","EQ","29-Oct-2015","        247.15","        246.30","        251.45","        244.70","        249.05","        247.60","        248.54","    4589032","      11405.56","      44511"
"TATASTEEL","EQ","30-Oct-2015","        247.60","        248.40","        254.80","        245.15","        245.95","        246.60","        250.00","    6173260","      15433.24","      57721"
"TATASTEEL","EQ","02-Nov-2015","        246.60","        246.50","        246.60","        236.30","        238.50","        238.90","        239.74","    4909596","      11770.12","      45760"
"TATASTEEL","EQ","03-Nov-2015","        238.90","        241.70","        243.00","        234.90","        235.15","        235.70","        238.44","    4492769","      10712.68","      49220"
"TATASTEEL","EQ","04-Nov-2015","        235.70","        239.15","        240.00","        233.85","        234.55","        235.40","        237.02","    4861348","      11522.22","      42559"
"TATASTEEL","EQ","05-Nov-2015","        235.40","        236.00","        236.00","        224.30","        224.55","        225.40","        228.88","    8801639","      20145.45","      78476"
"TATASTEEL","EQ","06-Nov-2015","        225.40","        218.90","        221.85","        215.10","        219.20","        220.25","        218.60","    9906366","      21655.41","      88102"
"TATASTEEL","EQ","09-Nov-2015","        220.25","        215.00","        224.40","        212.65","        221.05","        222.25","        220.13","    6272638","      13807.86","      62340"
"TATASTEEL","EQ","10-Nov-2015","        222.25","        220.80","        222.25","        217.15","        217.60","        218.05","        218.89","    4536410","       9929.59","      40155"
"TATASTEEL","EQ","11-Nov-2015","        218.05","        220.45","        221.75","        219.75","        220.75","        220.45","        220.54","     772162","       1702.90","      11306"
"TATASTEEL","EQ","13-Nov-2015","        220.45","        218.70","        223.60","        216.60","        222.45","        222.65","        221.58","    4426975","       9809.39","      48920"
"TATASTEEL","EQ","16-Nov-2015","        222.65","        222.85","        231.90","        220.20","        231.90","        230.60","        227.27","    6923327","      15734.47","      70756"
"TATASTEEL","EQ","17-Nov-2015","        230.60","        231.90","        235.75","        230.90","        235.50","        234.55","        233.65","    5240948","      12245.42","      50298"
"TATASTEEL","EQ","18-Nov-2015","        234.55","        234.10","        235.00","        225.20","        225.70","        225.85","        229.99","    5283608","      12151.94","      48355"
"TATASTEEL","EQ","19-Nov-2015","        225.85","        227.50","        229.70","        225.60","        228.75","        228.75","        227.95","    3661120","       8345.53","      37684"
"TATASTEEL","EQ","20-Nov-2015","        228.75","        228.10","        232.75","        228.10","        229.80","        230.00","        230.51","    3859405","       8896.50","      35394"
"TATASTEEL","EQ","23-Nov-2015","        230.00","        230.85","        230.85","        223.10","        224.70","        224.45","        225.61","    4102378","       9255.36","      37868"
"TATASTEEL","EQ","24-Nov-2015","        224.45","        223.35","        226.40","        222.50","        224.30","        224.35","        224.50","    4179013","       9381.97","      38590"
"TATASTEEL","EQ","26-Nov-2015","        224.35","        225.50","        230.00","        224.20","        227.65","        227.90","        227.67","    4588073","      10445.54","      41385"
"TATASTEEL","EQ","27-Nov-2015","        227.90","        227.90","        235.00","        227.55","        231.20","        231.25","        232.17","    5393087","      12521.28","      46785"
"TATASTEEL","EQ","30-Nov-2015","        231.25","        232.40","        234.40","        228.80","        229.00","        229.60","        230.93","    4556796","      10522.81","      53353"
"TATASTEEL","EQ","01-Dec-2015","        229.60","        230.80","        238.50","        230.30","        238.35","        237.55","        236.48","    6586598","      15575.79","      64331"
"TATASTEEL","EQ","02-Dec-2015","        237.55","        239.95","        245.90","        238.10","        243.40","        243.85","        242.56","    8858386","      21486.75","      71507"
"TATASTEEL","EQ","03-Dec-2015","        243.85","        240.15","        243.50","        236.80","        239.90","        240.15","        239.83","    7107867","      17046.74","      55629"
"TATASTEEL","EQ","04-Dec-2015","        240.15","        238.05","        244.25","        237.10","        240.50","        240.25","        241.37","    5538118","      13367.25","      51246"
"TATASTEEL","EQ","07-Dec-2015","        240.25","        244.80","        247.50","        242.45","        243.05","        243.55","        244.28","    4936426","      12058.60","      44568"
"TATASTEEL","EQ","08-Dec-2015","        243.55","        242.05","        243.05","        233.50","        233.95","        234.75","        238.26","    4545921","      10831.18","      41855"
"TATASTEEL","EQ","09-Dec-2015","        234.75","        234.00","        235.85","        224.90","        227.30","        226.85","        229.45","    4727674","      10847.51","      40404"
"TATASTEEL","EQ","10-Dec-2015","        226.85","        227.25","        234.75","        226.50","        233.90","        233.00","        229.87","    4804837","      11044.91","      43389"
"TATASTEEL","EQ","11-Dec-2015","        233.00","        235.10","        243.90","        235.10","        241.30","        240.90","        240.67","   11922435","      28693.71","      89850"
"TATASTEEL","EQ","14-Dec-2015","        240.90","        239.00","        248.90","        238.45","        245.15","        245.00","        244.51","   11314471","      27664.83","      97882"
"TATASTEEL","EQ","15-Dec-2015","        245.00","        247.00","        247.25","        241.25","        244.55","        244.35","        243.82","    5218812","      12724.69","      51018"
"TATASTEEL","EQ","16-Dec-2015","        244.35","        246.55","        248.60","        242.10","        245.40","        244.70","        245.26","    5759897","      14126.85","      51031"
"TATASTEEL","EQ","17-Dec-2015","        244.70","        246.90","        257.95","        246.05","        257.50","        257.10","        252.72","   12112293","      30610.76","     105512"
"TATASTEEL","EQ","18-Dec-2015","        257.10","        256.50","        257.95","        254.00","        255.95","        255.65","        255.62","    6944209","      17750.56","      52265"
"TATASTEEL","EQ","21-Dec-2015","        255.65","        255.50","        261.40","        254.65","        257.55","        258.45","        259.11","    6195237","      16052.38","      54321"
"TATASTEEL","EQ","22-Dec-2015","        258.45","        259.00","        261.80","        256.55","        257.40","        257.40","        259.34","    4544256","      11784.91","      43044"
"TATASTEEL","EQ","23-Dec-2015","        257.40","        262.25","        266.40","        262.25","        265.00","        264.45","        264.81","    7702901","      20397.79","      66477"
"TATASTEEL","EQ","24-Dec-2015","        264.45","        266.00","        266.00","        260.60","        264.00","        263.35","        262.65","    3843796","      10095.81","      35634"
"TATASTEEL","EQ","28-Dec-2015","        263.35","        263.95","        264.30","        253.00","        254.40","        254.10","        256.63","    5317617","      13646.58","      52111"
"TATASTEEL","EQ","29-Dec-2015","        254.10","        255.80","        257.15","        253.35","        256.20","        255.30","        255.36","    3800523","       9704.89","      38433"
"TATASTEEL","EQ","30-Dec-2015","        255.30","        256.40","        261.80","        255.10","        258.80","        258.70","        258.80","    6812728","      17631.25","      61353"
"TATASTEEL","EQ","31-Dec-2015","        258.70","        260.00","        260.80","        256.95","        259.05","        259.80","        258.95","    4446690","      11514.71","      39087"
"TATASTEEL","EQ","01-Jan-2016","        259.80","        259.00","        259.90","        253.40","        257.30","        257.40","        256.52","    3151567","       8084.39","      26006"
"TATASTEEL","EQ","04-Jan-2016","        257.40","        255.00","        263.20","        253.10","        259.00","        256.90","        258.07","    6981400","      18017.08","      54636"
"TATASTEEL","EQ","05-Jan-2016","        256.90","        257.55","        276.40","        257.55","        272.70","        274.30","        270.04","   15008921","      40530.14","     121198"
"TATASTEEL","EQ","06-Jan-2016","        274.30","        272.80","        274.60","        266.00","        268.75","        268.75","        270.19","    7454725","      20142.28","      74296"
"TATASTEEL","EQ","07-Jan-2016","        268.75","        263.00","        263.30","        248.20","        251.00","        249.90","        255.13","    9503720","      24246.60","      83133"
"TATASTEEL","EQ","08-Jan-2016","        249.90","        252.00","        256.30","        249.05","        254.55","        253.60","        253.17","    6299465","      15948.60","      70345"
"TATASTEEL","EQ","11-Jan-2016","        253.60","        247.00","        253.35","        244.25","        252.90","        251.65","        249.03","    6085363","      15154.30","      56078"
"TATASTEEL","EQ","12-Jan-2016","        251.65","        253.05","        255.30","        243.15","        245.55","        245.75","        248.57","    5425352","      13485.56","      50211"
"TATASTEEL","EQ","13-Jan-2016","        245.75","        248.50","        251.80","        237.00","        246.35","        246.60","        244.80","    7482478","      18316.85","      63311"
"TATASTEEL","EQ","14-Jan-2016","        246.60","        235.00","        242.55","        231.50","        239.45","        238.75","        237.54","    8884802","      21104.91","      71899"
"TATASTEEL","EQ","15-Jan-2016","        238.75","        242.50","        243.00","        228.10","        229.50","        229.70","        235.44","    5991645","      14106.86","      53980"
"TATASTEEL","EQ","18-Jan-2016","        229.70","        229.80","        244.00","        225.20","        237.40","        235.90","        235.31","    8417421","      19807.29","      68248"
"TATASTEEL","EQ","19-Jan-2016","        235.90","        237.55","        240.95","        231.25","        237.45","        238.00","        236.47","    6304102","      14907.06","      59826"
"TATASTEEL","EQ","20-Jan-2016","        238.00","        232.80","        234.00","        226.50","        232.20","        232.00","        230.61","    5486812","      12653.17","      46955"
"TATASTEEL","EQ","21-Jan-2016","        232.00","        234.70","        239.35","        231.25","        236.10","        235.60","        235.61","    6245316","      14714.58","      53883"
"TATASTEEL","EQ","22-Jan-2016","        235.60","        238.30","        250.80","        237.65","        247.70","        247.80","        245.03","    6510761","      15953.26","     103375"
"TATASTEEL","EQ","25-Jan-2016","        247.80","        249.00","        256.40","        248.80","        255.05","        254.90","        253.62","    5576543","      14143.28","      61284"
"TATASTEEL","EQ","27-Jan-2016","        254.90","        255.00","        259.90","        253.40","        256.65","        257.60","        256.80","    6235665","      16013.44","      59347"
"TATASTEEL","EQ","28-Jan-2016","        257.60","        257.00","        258.45","        252.40","        254.00","        254.20","        254.95","    6016704","      15339.45","      43982"
"TATASTEEL","EQ","29-Jan-2016","        254.20","        254.65","        258.80","        247.45","        248.35","        249.70","        252.91","    6747965","      17066.40","      49299"
"TATASTEEL","EQ","01-Feb-2016","        249.70","        248.90","        254.95","        246.50","        248.95","        249.30","        251.22","    4420717","      11105.89","      40819"
"TATASTEEL","EQ","02-Feb-2016","        249.30","        250.25","        251.00","        230.10","        230.20","        231.45","        237.82","    8388473","      19949.60","      74173"
"TATASTEEL","EQ","03-Feb-2016","        231.45","        227.90","        233.90","        221.45","        222.50","        224.00","        228.12","    7791522","      17774.31","      67232"
"TATASTEEL","EQ","04-Feb-2016","        224.00","        224.40","        228.60","        219.00","        227.70","        225.95","        222.82","   11709422","      26090.70","     101475"
"TATASTEEL","EQ","05-Feb-2016","        225.95","        216.00","        238.30","        216.00","        235.75","        233.85","        225.72","   25803399","      58243.05","     187555"
"TATASTEEL","EQ","08-Feb-2016","        233.85","        238.60","        243.95","        232.05","        235.00","        234.10","        237.11","   10332441","      24499.20","      87660"
"TATASTEEL","EQ","09-Feb-2016","        234.10","        230.90","        237.30","        230.10","        236.80","        235.50","        234.24","    7562851","      17714.97","      61391"
"TATASTEEL","EQ","10-Feb-2016","        235.50","        234.85","        237.75","        227.10","        237.00","        235.70","        232.33","    7616029","      17694.62","      67863"
"TATASTEEL","EQ","11-Feb-2016","        235.70","        235.95","        237.30","        220.85","        225.50","        224.50","        228.74","    6151670","      14071.58","      48325"
"TATASTEEL","EQ","12-Feb-2016","        224.50","        226.00","        229.35","        211.15","        216.40","        217.50","        217.16","    9373751","      20356.35","      76135"
"TATASTEEL","EQ","15-Feb-2016","        217.50","        222.00","        248.00","        222.00","        247.00","        246.70","        241.23","   13602332","      32813.04","     114510"
"TATASTEEL","EQ","16-Feb-2016","        246.70","        249.60","        251.60","        243.15","        245.40","        244.85","        246.45","    9146831","      22542.46","      82859"
"TATASTEEL","EQ","17-Feb-2016","        244.85","        245.00","        252.90","        238.00","        252.35","        251.25","        244.51","    8295421","      20283.11","      73677"
"TATASTEEL","EQ","18-Feb-2016","        251.25","        255.00","        256.50","        243.20","        250.50","        250.85","        251.24","    9459329","      23766.03","      77776"
"TATASTEEL","EQ","19-Feb-2016","        250.85","        248.50","        254.45","        246.85","        253.25","        253.25","        251.50","    6770618","      17028.19","      65076"
"TATASTEEL","EQ","22-Feb-2016","        253.25","        253.60","        257.50","        251.70","        255.55","        255.25","        254.77","    4810335","      12255.35","      48123"
"TATASTEEL","EQ","23-Feb-2016","        255.25","        255.80","        261.60","        252.10","        252.40","        253.55","        256.97","    8452358","      21720.13","      88915"
"TATASTEEL","EQ","24-Feb-2016","        253.55","        250.60","        253.75","        246.95","        247.15","        247.90","        250.92","    4743823","      11903.34","      44759"
"TATASTEEL","EQ","25-Feb-2016","        247.90","        247.10","        249.85","        244.60","        249.50","        248.15","        247.37","    5588168","      13823.22","      46536"
"TATASTEEL","EQ","26-Feb-2016","        248.15","        249.50","        251.70","        243.15","        248.40","        248.45","        247.41","    5336837","      13204.11","      48012"
"TATASTEEL","EQ","29-Feb-2016","        248.45","        246.90","        263.65","        245.10","        247.55","        249.10","        254.47","    9850435","      25066.40","      96265"
"TATASTEEL","EQ","01-Mar-2016","        249.10","        250.00","        258.15","        246.55","        257.50","        257.05","        252.67","    7111226","      17967.87","      67757"
"TATASTEEL","EQ","02-Mar-2016","        257.05","        260.00","        269.50","        259.50","        269.00","        267.55","        265.54","    7645620","      20301.99","      69701"
"TATASTEEL","EQ","03-Mar-2016","        267.55","        273.00","        289.00","        272.10","        287.95","        287.05","        280.88","   17533077","      49247.46","     146221"
"TATASTEEL","EQ","04-Mar-2016","        287.05","        289.00","        291.20","        284.50","        290.00","        288.55","        287.83","    9170166","      26394.36","      86303"
"TATASTEEL","EQ","08-Mar-2016","        288.55","        287.80","        296.70","        287.00","        291.40","        291.80","        293.31","    9281598","      27224.31","      82235"
"TATASTEEL","EQ","09-Mar-2016","        291.80","        283.50","        296.50","        281.30","        296.45","        295.40","        287.73","   10158431","      29228.75","      85747"
"TATASTEEL","EQ","10-Mar-2016","        295.40","        296.30","        301.25","        293.30","        296.00","        296.70","        297.50","    8556968","      25457.20","      82875"
"TATASTEEL","EQ","11-Mar-2016","        296.70","        296.00","        298.20","        290.35","        294.60","        294.05","        294.14","    7633668","      22453.64","      91910"
"TATASTEEL","EQ","14-Mar-2016","        294.05","        295.95","        300.25","        295.25","        296.20","        296.70","        297.08","    4445317","      13206.18","      46852"
"TATASTEEL","EQ","15-Mar-2016","        296.70","        297.00","        302.00","        294.10","        300.00","        300.45","        298.85","    6978051","      20854.07","      78579"
"TATASTEEL","EQ","16-Mar-2016","        300.45","        300.00","        302.75","        294.20","        299.95","        299.50","        298.32","    7039372","      20999.71","      77294"
"TATASTEEL","EQ","17-Mar-2016","        299.50","        304.50","        305.65","        294.90","        295.75","        295.90","        301.24","    8005526","      24115.48","      78606"
"TATASTEEL","EQ","18-Mar-2016","        295.90","        299.70","        302.75","        296.95","        302.35","        302.20","        300.32","    7314488","      21966.57","      73786"
"TATASTEEL","EQ","21-Mar-2016","        302.20","        302.00","        305.95","        300.65","        304.20","        303.55","        303.62","    5651710","      17159.72","      66538"
"TATASTEEL","EQ","22-Mar-2016","        303.55","        303.10","        311.80","        301.35","        311.80","        309.80","        305.94","    6579069","      20127.69","      62384"
"TATASTEEL","EQ","23-Mar-2016","        309.80","        311.80","        317.90","        310.55","        317.00","        317.20","        313.95","    6377772","      20023.05","      68671"
"TATASTEEL","EQ","28-Mar-2016","        317.20","        318.40","        318.40","        297.40","        299.95","        299.15","        305.59","    9069782","      27716.03","      85276"
"TATASTEEL","EQ","29-Mar-2016","        299.15","        300.00","        307.75","        300.00","        304.25","        303.85","        304.66","    5937162","      18088.24","      58714"
"TATASTEEL","EQ","30-Mar-2016","        303.85","        309.45","        325.75","        305.30","        323.50","        324.30","        317.36","   12438899","      39476.33","     111029"
"TATASTEEL","EQ","31-Mar-2016","        324.30","        324.90","        324.90","        314.40","        319.05","        319.70","        319.99","   13349925","      42718.92","     118752"
"TATASTEEL","EQ","01-Apr-2016","        319.70","        317.65","        319.85","        313.35","        316.70","        317.75","        316.39","    5570019","      17622.90","      66748"
"TATASTEEL","EQ","04-Apr-2016","        317.75","        315.80","        323.10","        314.70","        320.85","        320.35","        320.55","    5167920","      16565.99","      50256"
"TATASTEEL","EQ","05-Apr-2016","        320.35","        316.95","        319.40","        308.30","        312.05","        312.30","        313.91","    5723253","      17965.68","      56211"
"TATASTEEL","EQ","06-Apr-2016","        312.30","        315.00","        332.00","        313.55","        328.35","        328.55","        325.40","   14591057","      47479.29","     134999"
"TATASTEEL","EQ","07-Apr-2016","        328.55","        329.90","        332.75","        322.10","        324.60","        323.70","        327.31","    8609454","      28179.92","      90434"
"TATASTEEL","EQ","08-Apr-2016","        323.70","        323.05","        324.80","        319.05","        322.70","        322.10","        322.15","    6080953","      19589.87","      57247"
"TATASTEEL","EQ","11-Apr-2016","        322.10","        322.00","        333.30","        320.05","        330.20","        331.15","        327.35","    9014830","      29509.62","      88016"
"TATASTEEL","EQ","12-Apr-2016","        331.15","        323.90","        330.90","        318.00","        324.75","        324.50","        325.89","   11110285","      36207.34","      98934"
"TATASTEEL","EQ","13-Apr-2016","        324.50","        327.50","        336.20","        326.00","        332.55","        332.85","        331.69","   10284415","      34112.51","      99995"
"TATASTEEL","EQ","18-Apr-2016","        332.85","        331.90","        337.25","        327.65","        336.30","        335.55","        333.37","    7192987","      23979.08","      76458"
"TATASTEEL","EQ","20-Apr-2016","        335.55","        337.95","        359.30","        337.70","        358.00","        357.45","        352.30","   18382196","      64761.36","     184468"
"TATASTEEL","EQ","21-Apr-2016","        357.45","        358.80","        364.05","        353.10","        354.00","        354.55","        357.13","   10350647","      36965.77","     114335"
"TATASTEEL","EQ","22-Apr-2016","        354.55","        358.00","        363.75","        352.30","        353.80","        353.65","        358.14","   12095871","      43320.16","     101778"
"TATASTEEL","EQ","25-Apr-2016","        353.65","        352.50","        353.70","        344.55","        349.05","        347.45","        347.37","    6159623","      21396.86","      61706"
"TATASTEEL","EQ","26-Apr-2016","        347.45","        347.15","        360.60","        347.10","        357.80","        358.60","        355.50","    8345302","      29667.57","      97034"
"TATASTEEL","EQ","27-Apr-2016","        358.60","        358.90","        362.40","        354.15","        356.60","        356.75","        357.46","    6027540","      21545.75","      56291"
"TATASTEEL","EQ","28-Apr-2016","        356.75","        357.00","        362.00","        346.15","        347.65","        347.60","        353.63","   10079174","      35643.19","      98888"
"TATASTEEL","EQ","29-Apr-2016","        347.60","        347.70","        353.90","        342.70","        352.45","        351.10","        349.15","    7804551","      27249.98","      68160"
"TATASTEEL","EQ","02-May-2016","        351.10","        349.00","        351.00","        344.40","        346.80","        346.95","        347.99","    4181306","      14550.43","      39612"
"TATASTEEL","EQ","03-May-2016","        346.95","        348.75","        355.65","        347.00","        348.80","        348.90","        351.17","    6374681","      22386.17","      63085"
"TATASTEEL","EQ","04-May-2016","        348.90","        346.00","        347.25","        327.40","        329.50","        328.75","        334.67","    7957557","      26631.71","      80316"
"TATASTEEL","EQ","05-May-2016","        328.75","        329.00","        334.80","        324.15","        333.00","        331.80","        329.31","    8335949","      27451.52","      78429"
"TATASTEEL","EQ","06-May-2016","        331.80","        330.00","        331.50","        325.10","        329.60","        329.30","        328.62","    5362816","      17623.50","      58992"
"TATASTEEL","EQ","09-May-2016","        329.30","        330.00","        334.95","        327.20","        329.10","        328.70","        330.52","    4658395","      15396.92","      52388"
"TATASTEEL","EQ","10-May-2016","        328.70","        330.90","        337.25","        325.15","        328.10","        328.05","        330.56","   10750089","      35535.92","     112474"
"TATASTEEL","EQ","11-May-2016","        328.05","        319.90","        332.00","        319.15","        329.80","        329.80","        328.60","    5687705","      18689.63","      61568"
"TATASTEEL","EQ","12-May-2016","        329.80","        331.25","        332.20","        326.60","        331.00","        330.60","        329.52","    4706634","      15509.14","      52217"
"TATASTEEL","EQ","13-May-2016","        330.60","        327.00","        329.35","        321.20","        321.60","        322.65","        324.27","    5602557","      18167.17","      62844"
"TATASTEEL","EQ","16-May-2016","        322.65","        323.05","        327.25","        319.40","        326.50","        326.40","        323.80","    3930807","      12728.11","      43813"
"TATASTEEL","EQ","17-May-2016","        326.40","        328.80","        331.15","        324.40","        326.20","        327.15","        327.61","    4879761","      15986.59","      49394"
"TATASTEEL","EQ","18-May-2016","        327.15","        325.70","        330.20","        323.15","        330.00","        329.05","        326.89","    3759529","      12289.57","      44575"
"TATASTEEL","EQ","19-May-2016","        329.05","        326.50","        337.40","        325.00","        325.40","        326.25","        332.03","    6510727","      21617.32","      65843"
"TATASTEEL","EQ","20-May-2016","        326.25","        326.20","        327.10","        321.10","        323.00","        322.65","        323.74","    4611092","      14927.88","      59092"
"TATASTEEL","EQ","23-May-2016","        322.65","        324.70","        325.75","        312.50","        314.10","        313.55","        317.54","    6397200","      20313.50","      77835"
"TATASTEEL","EQ","24-May-2016","        313.55","        313.45","        318.45","        311.25","        318.00","        317.70","        315.05","    5022884","      15824.41","      54848"
"TATASTEEL","EQ","25-May-2016","        317.70","        320.00","        326.50","        318.15","        324.35","        324.60","        322.38","    5523886","      17808.00","      49955"
"TATASTEEL","EQ","26-May-2016","        324.60","        320.00","        329.35","        320.00","        327.00","        325.20","        324.28","   12892426","      41806.99","     111266"
"TATASTEEL","EQ","27-May-2016","        325.20","        326.00","        332.00","        324.55","        331.05","        329.60","        327.95","    4404479","      14444.57","      45224"
"TATASTEEL","EQ","30-May-2016","        329.60","        332.05","        334.60","        321.45","        321.90","        322.35","        326.13","    6618099","      21583.35","      65867"
"TATASTEEL","EQ","31-May-2016","        322.35","        324.50","        337.50","        320.25","        334.05","        334.35","        330.79","   10042011","      33218.25","      97358"
"TATASTEEL","EQ","01-Jun-2016","        334.35","        335.90","        339.60","        329.40","        332.30","        332.15","        335.20","    6483031","      21731.20","      61786"
"TATASTEEL","EQ","02-Jun-2016","        332.15","        332.00","        341.90","        330.35","        341.90","        340.65","        337.01","    5572983","      18781.74","      61615"
"TATASTEEL","EQ","03-Jun-2016","        340.65","        344.00","        348.30","        336.40","        337.85","        338.55","        342.08","    8832388","      30214.19","      81915"
"TATASTEEL","EQ","06-Jun-2016","        338.55","        335.00","        340.70","        332.15","        338.60","        337.85","        336.99","    4969784","      16747.66","      59409"
"TATASTEEL","EQ","07-Jun-2016","        337.85","        339.55","        343.85","        337.05","        343.55","        342.60","        341.09","    3898620","      13297.86","      42571"
"TATASTEEL","EQ","08-Jun-2016","        342.60","        343.25","        346.45","        338.50","        341.50","        341.50","        342.17","    4466650","      15283.62","      43354"
"TATASTEEL","EQ","09-Jun-2016","        341.50","        340.00","        346.70","        340.00","        344.00","        342.05","        343.59","    5935910","      20395.11","      60789"
"TATASTEEL","EQ","10-Jun-2016","        342.05","        342.00","        344.50","        333.50","        333.70","        334.40","        338.99","    5506426","      18666.17","      48464"
"TATASTEEL","EQ","13-Jun-2016","        334.40","        328.30","        329.95","        321.00","        322.65","        323.10","        323.93","    6576686","      21304.17","      83347"
"TATASTEEL","EQ","14-Jun-2016","        323.10","        325.00","        327.45","        321.30","        325.20","        324.95","        324.51","    4008566","      13008.00","      55258"
"TATASTEEL","EQ","15-Jun-2016","        324.95","        326.10","        331.50","        323.80","        331.05","        330.25","        327.62","    4134184","      13544.31","      40374"
"TATASTEEL","EQ","16-Jun-2016","        330.25","        329.50","        333.50","        324.10","        329.50","        330.50","        329.18","    6490905","      21366.71","      66010"
"TATASTEEL","EQ","17-Jun-2016","        330.50","        333.00","        333.50","        323.80","        325.20","        325.45","        326.56","    5702881","      18623.61","      85598"
"TATASTEEL","EQ","20-Jun-2016","        325.45","        324.40","        336.95","        322.80","        336.75","        336.25","        331.74","    6200742","      20570.23","      86925"
"TATASTEEL","EQ","21-Jun-2016","        336.25","        336.00","        337.70","        332.75","        333.10","        334.05","        334.82","    3490952","      11688.52","      33537"
"TATASTEEL","EQ","22-Jun-2016","        334.05","        334.00","        334.00","        327.05","        331.30","        332.45","        330.82","    4627091","      15307.54","      74903"
"TATASTEEL","EQ","23-Jun-2016","        332.45","        331.50","        335.95","        327.60","        333.00","        333.95","        331.39","    4684494","      15523.74","      51460"
"TATASTEEL","EQ","24-Jun-2016","        333.95","        307.10","        316.40","        296.30","        311.95","        312.65","        308.04","   14410710","      44390.67","     129203"
"TATASTEEL","EQ","27-Jun-2016","        312.65","        309.75","        312.55","        307.50","        309.90","        310.50","        310.35","    6579079","      20418.38","      70794"
"TATASTEEL","EQ","28-Jun-2016","        310.50","        311.45","        314.40","        307.00","        311.15","        311.50","        311.14","    7926086","      24661.23","      64834"
"TATASTEEL","EQ","29-Jun-2016","        311.50","        314.00","        317.00","        312.60","        312.90","        313.60","        314.94","    5616012","      17687.04","      54117"
"TATASTEEL","EQ","30-Jun-2016","        313.60","        315.70","        324.25","        315.20","        323.00","        321.95","        319.39","    6392234","      20415.90","      69968"
"TATASTEEL","EQ","01-Jul-2016","        321.95","        326.50","        330.90","        326.40","        327.40","        328.10","        328.91","    4994251","      16426.37","      50572"
"TATASTEEL","EQ","04-Jul-2016","        328.10","        328.70","        333.90","        327.95","        330.60","        331.25","        331.49","    3232796","      10716.45","      33621"
"TATASTEEL","EQ","05-Jul-2016","        331.25","        332.50","        337.40","        330.25","        332.60","        333.65","        333.94","    3943390","      13168.36","      37295"
"TATASTEEL","EQ","07-Jul-2016","        333.65","        334.20","        337.25","        316.30","        316.90","        317.70","        323.09","   10126780","      32718.58","      99563"
"TATASTEEL","EQ","08-Jul-2016","        317.70","        314.95","        319.40","        312.10","        317.70","        318.35","        316.68","    7764479","      24588.50","      76133"
"TATASTEEL","EQ","11-Jul-2016","        318.35","        325.00","        329.70","        319.65","        326.70","        327.00","        325.29","    7692459","      25022.56","      83723"
"TATASTEEL","EQ","12-Jul-2016","        327.00","        329.95","        343.85","        329.00","        343.45","        342.30","        336.30","    9886586","      33248.85","      91232"
"TATASTEEL","EQ","13-Jul-2016","        342.30","        344.70","        358.65","        344.30","        356.05","        357.75","        353.07","   13345822","      47119.88","     123543"
"TATASTEEL","EQ","14-Jul-2016","        357.75","        358.80","        361.35","        353.35","        359.50","        359.30","        358.23","    7970875","      28554.08","      86737"
"TATASTEEL","EQ","15-Jul-2016","        359.30","        359.30","        374.40","        356.75","        372.00","        372.90","        369.32","   13431169","      49604.59","     126440"
"TATASTEEL","EQ","18-Jul-2016","        372.90","        373.45","        379.40","        363.50","        364.55","        365.65","        373.32","    7697416","      28735.85","      83445"
"TATASTEEL","EQ","19-Jul-2016","        365.65","        367.95","        371.65","        362.35","        369.90","        370.25","        367.91","    8246048","      30337.67","      81937"
"TATASTEEL","EQ","20-Jul-2016","        370.25","        372.20","        373.00","        366.40","        368.70","        368.45","        369.25","    5907217","      21812.48","      74395"
"TATASTEEL","EQ","21-Jul-2016","        368.45","        370.00","        370.00","        361.10","        361.70","        362.30","        365.06","    5343359","      19506.39","      54893"
"TATASTEEL","EQ","22-Jul-2016","        362.30","        362.30","        368.90","        356.45","        365.00","        365.45","        363.18","    7372910","      26776.71","      61579"
"TATASTEEL","EQ","25-Jul-2016","        365.45","        365.00","        367.80","        362.15","        362.75","        363.65","        364.22","    5676435","      20674.52","      45031"
"TATASTEEL","EQ","26-Jul-2016","        363.65","        363.90","        375.00","        363.05","        367.40","        367.80","        371.22","    7798763","      28950.68","      74113"
"TATASTEEL","EQ","27-Jul-2016","        367.80","        368.90","        370.50","        354.10","        362.70","        363.05","        361.56","   10359001","      37454.36","      89879"
"TATASTEEL","EQ","28-Jul-2016","        363.05","        358.00","        359.20","        348.65","        350.30","        349.85","        353.09","   10526709","      37168.38","      68053"
"TATASTEEL","EQ","29-Jul-2016","        349.85","        351.05","        359.00","        351.05","        354.45","        355.05","        355.85","    8349227","      29710.70","     100717"
"TATASTEEL","EQ","01-Aug-2016","        355.05","        356.15","        366.60","        354.25","        365.10","        364.85","        361.87","   10082335","      36485.14","      80189"
"TATASTEEL","EQ","02-Aug-2016","        364.85","        366.45","        370.70","        360.10","        363.00","        361.85","        365.78","    8108008","      29657.23","      91549"
"TATASTEEL","EQ","03-Aug-2016","        361.85","        364.65","        366.45","        354.90","        357.30","        358.05","        360.24","    5746762","      20701.89","      54405"
"TATASTEEL","EQ","04-Aug-2016","        358.05","        360.40","        374.90","        357.40","        373.80","        373.80","        368.68","    9639368","      35537.98","      96430"
"TATASTEEL","EQ","05-Aug-2016","        373.80","        378.00","        383.00","        376.50","        380.80","        381.70","        380.21","    9117890","      34667.52","     118059"
"TATASTEEL","EQ","08-Aug-2016","        381.70","        382.40","        384.50","        376.25","        379.70","        379.55","        380.17","    6662412","      25328.47","      74342"
"TATASTEEL","EQ","09-Aug-2016","        379.55","        379.00","        382.45","        373.60","        376.45","        375.35","        377.67","    5618546","      21219.52","      50798"
"TATASTEEL","EQ","10-Aug-2016","        375.35","        377.90","        379.40","        368.15","        369.15","        370.30","        372.60","    4594009","      17117.28","      46318"
"TATASTEEL","EQ","11-Aug-2016","        370.30","        370.30","        373.60","        361.50","        369.90","        368.35","        368.09","    4419528","      16267.77","      49491"
"TATASTEEL","EQ","12-Aug-2016","        368.35","        370.00","        378.35","        369.35","        373.85","        374.75","        375.08","    4411019","      16544.87","      55536"
"TATASTEEL","EQ","16-Aug-2016","        374.75","        375.00","        381.00","        373.05","        380.30","        379.15","        377.37","    6104127","      23035.13","      70465"
"TATASTEEL","EQ","17-Aug-2016","        379.15","        379.95","        392.95","        379.95","        391.25","        391.85","        387.82","    9353131","      36273.57","     116408"
"TATASTEEL","EQ","18-Aug-2016","        391.85","        392.50","        393.90","        385.10","        386.80","        387.20","        388.63","    5920398","      23008.65","      59031"
"TATASTEEL","EQ","19-Aug-2016","        387.20","        389.15","        394.65","        383.50","        390.95","        392.15","        389.53","    8947214","      34852.13","      82993"
"TATASTEEL","EQ","22-Aug-2016","        392.15","        391.50","        391.50","        384.50","        387.30","        388.15","        387.55","    5563430","      21561.31","      61900"
"TATASTEEL","EQ","23-Aug-2016","        388.15","        387.95","        391.00","        378.15","        384.50","        385.15","        385.80","    6720835","      25928.90","      65548"
"TATASTEEL","EQ","24-Aug-2016","        385.15","        385.60","        387.30","        378.75","        379.35","        379.95","        381.98","    4261868","      16279.68","      44749"
"TATASTEEL","EQ","25-Aug-2016","        379.95","        381.70","        382.30","        370.50","        373.00","        372.30","        376.94","    4773691","      17993.94","      52365"
"TATASTEEL","EQ","26-Aug-2016","        372.30","        375.00","        375.95","        367.30","        369.00","        369.45","        370.62","    4311789","      15980.46","      45462"
"TATASTEEL","EQ","29-Aug-2016","        369.45","        368.90","        375.45","        367.75","        374.15","        373.75","        373.11","    3718240","      13873.10","      41719"
"TATASTEEL","EQ","30-Aug-2016","        373.75","        375.35","        379.50","        375.00","        378.00","        377.75","        377.61","    3804436","      14365.94","      42218"
"TATASTEEL","EQ","31-Aug-2016","        377.75","        378.00","        381.35","        368.80","        370.10","        370.10","        374.44","    4530361","      16963.71","      54808"
"TATASTEEL","EQ","01-Sep-2016","        370.10","        371.30","        377.70","        369.50","        374.55","        374.60","        373.91","    4453409","      16651.76","      52415"
"TATASTEEL","EQ","02-Sep-2016","        374.60","        375.95","        376.20","        370.40","        373.05","        374.20","        373.14","    2824297","      10538.51","      27019"
"TATASTEEL","EQ","06-Sep-2016","        374.20","        375.00","        386.75","        374.40","        385.00","        385.75","        382.81","    5828507","      22311.92","      60389"
"TATASTEEL","EQ","07-Sep-2016","        385.75","        387.10","        394.15","        386.60","        390.25","        389.95","        390.85","    6965026","      27223.04","      83143"
"TATASTEEL","EQ","08-Sep-2016","        389.95","        390.25","        408.60","        390.25","        402.30","        403.00","        402.87","   11234744","      45261.30","     119210"
"TATASTEEL","EQ","09-Sep-2016","        403.00","        404.90","        406.90","        393.25","        395.10","        394.60","        398.32","    5962851","      23751.45","      74736"
"TATASTEEL","EQ","12-Sep-2016","        394.60","        385.00","        385.90","        370.60","        371.95","        373.30","        378.63","    6717365","      25433.87","      95133"
"TATASTEEL","EQ","14-Sep-2016","        373.30","        370.00","        378.00","        363.15","        374.20","        373.90","        370.10","   11105369","      41100.79","     113979"
"TATASTEEL","EQ","15-Sep-2016","        373.90","        374.00","        375.10","        363.75","        366.30","        366.40","        367.78","    4875040","      17929.25","      53131"
"TATASTEEL","EQ","16-Sep-2016","        366.40","        369.50","        371.90","        357.60","        359.20","        358.85","        364.76","    6075750","      22162.14","      58954"
"TATASTEEL","EQ","19-Sep-2016","        358.85","        360.00","        363.95","        355.30","        361.50","        361.65","        360.96","    5121611","      18487.15","      58881"
"TATASTEEL","EQ","20-Sep-2016","        361.65","        364.30","        370.00","        359.25","        365.25","        365.60","        365.18","    5697810","      20807.02","      67421"
"TATASTEEL","EQ","21-Sep-2016","        365.60","        365.30","        372.50","        365.30","        369.40","        369.80","        369.82","    6868967","      25402.58","      71931"
"TATASTEEL","EQ","22-Sep-2016","        369.80","        377.70","        379.80","        372.80","        377.30","        377.25","        376.23","    6669414","      25092.05","      65404"
"TATASTEEL","EQ","23-Sep-2016","        377.25","        377.35","        378.40","        371.00","        371.90","        372.00","        374.98","    4461871","      16731.06","      50480"
"TATASTEEL","EQ","26-Sep-2016","        372.00","        371.35","        376.55","        368.40","        370.25","        369.75","        372.66","    4351638","      16217.00","      47852"
"TATASTEEL","EQ","27-Sep-2016","        369.75","        372.60","        374.60","        366.60","        367.65","        367.95","        369.81","    4403977","      16286.31","      51302"
"TATASTEEL","EQ","28-Sep-2016","        367.95","        368.25","        382.20","        368.25","        381.20","        380.35","        375.08","    6338968","      23776.13","      57210"
"TATASTEEL","EQ","29-Sep-2016","        380.35","        383.35","        383.85","        365.00","        367.55","        368.80","        372.61","   13361086","      49784.66","      75265"
"TATASTEEL","EQ","30-Sep-2016","        368.80","        367.85","        377.45","        363.30","        375.55","        374.25","        370.27","    5506157","      20387.42","      52975"
"TATASTEEL","EQ","03-Oct-2016","        374.25","        376.90","        384.80","        376.30","        383.20","        382.85","        381.73","    4480810","      17104.58","      45832"
"TATASTEEL","EQ","04-Oct-2016","        382.85","        386.00","        393.00","        382.40","        391.55","        391.15","        388.28","    8523432","      33095.03","      80603"
"TATASTEEL","EQ","05-Oct-2016","        391.15","        395.20","        396.50","        389.00","        389.05","        390.70","        392.60","    5154852","      20238.18","      45806"
"TATASTEEL","EQ","06-Oct-2016","        390.70","        392.80","        395.85","        386.55","        391.05","        389.85","        390.89","    7730432","      30217.85","      66122"
"TATASTEEL","EQ","07-Oct-2016","        389.85","        392.90","        407.60","        390.20","        406.55","        406.55","        400.73","   11610384","      46525.80","     113299"
"TATASTEEL","EQ","10-Oct-2016","        406.55","        409.90","        420.70","        409.00","        419.30","        418.40","        416.73","   11642373","      48517.28","     118759"
